{"player_x": 370.39999999999986, "player_y": 227.00000000000026, "currentRoom": "shop"}